{"cameraMode":{"drawMode":0,"name":"Shaded","section":"Shading Mode"},"sceneLighting":true,"audioPlay":false,"sceneViewState":{"showFog":true,"showMaterialUpdate":false,"showSkybox":true,"showFlares":true,"showImageEffects":true,"showParticleSystems":true},"in2DMode":false,"pivot":{"x":-8.6317720413208,"y":-1.9074878692626954,"z":-2.203441858291626},"rotation":{"x":-0.12082118541002274,"y":0.7270374894142151,"z":-0.13252846896648408,"w":-0.6627844572067261},"size":4.207394599914551,"orthographic":false}